question,chunk_id
Qual è l'ordine dei vocabolari nella struttura del progetto?,e76bd91bd01c4d4fefde99d7b3964f5ba8f1d49788965f0bb56a4150810562b3
Come vengono registrati i vocabolari nella struttura del progetto?,e76bd91bd01c4d4fefde99d7b3964f5ba8f1d49788965f0bb56a4150810562b3
Qual è l'etichetta associata ai vocabolari nella struttura del progetto?,e76bd91bd01c4d4fefde99d7b3964f5ba8f1d49788965f0bb56a4150810562b3
Qual è il metodo di rilievo che prevede un sopralluogo sul campo?,26c39232a29d8e81d70966122becd6d6c295a6e8b7da51467d673c6ca6eef564
Qual è il metodo di rilievo che utilizza solo la cartografia senza un sopralluogo?,26c39232a29d8e81d70966122becd6d6c295a6e8b7da51467d673c6ca6eef564
Qual è il metodo di rilievo che utilizza i dati provenienti da un satellite?,26c39232a29d8e81d70966122becd6d6c295a6e8b7da51467d673c6ca6eef564
Qual è la parola ripetuta due volte nel testo?,dac2d61bf5a05091feb0608ab17e49a0836a369e9a74a50bae53d45efe1b8730
"Qual è l'unica parola nel testo che contiene la lettera ""d""?",dac2d61bf5a05091feb0608ab17e49a0836a369e9a74a50bae53d45efe1b8730
"Qual è la parola che precede ""indietro"" nel testo?",dac2d61bf5a05091feb0608ab17e49a0836a369e9a74a50bae53d45efe1b8730
In che modo sono registrati i vocabolari nella struttura del progetto?,ec29619350f0a809b50eaf12d37be111f63ee21f19d5773792939ab869ba79d3
Qual è l'elemento associato al valore nel contesto del testo?,ec29619350f0a809b50eaf12d37be111f63ee21f19d5773792939ab869ba79d3
Come sono ordinati i vocabolari nella struttura del progetto?,ec29619350f0a809b50eaf12d37be111f63ee21f19d5773792939ab869ba79d3
Qual è il tipo di immagine utilizzato per la mappatura dell'anomalia?,f6b4dd07d87c6cbdfbd4a087fba7c11934e98e5282205cbc59efbfdab4f1d2bd
In che contesto si trova l'oggetto descritto nella scheda MOSI?,f6b4dd07d87c6cbdfbd4a087fba7c11934e98e5282205cbc59efbfdab4f1d2bd
Qual è lo stato attuale della scheda?,f6b4dd07d87c6cbdfbd4a087fba7c11934e98e5282205cbc59efbfdab4f1d2bd
Qual è la finalità del progetto Geoportale Nazionale dell'Archeologia?,1dc36c50b990b12bc292e253017ad351125a2767d4f12ce04af89e75f5e06618
Quali sono le avvertenze importanti da considerare nel progetto?,1dc36c50b990b12bc292e253017ad351125a2767d4f12ce04af89e75f5e06618
Quali sono i sistemi di riferimento utilizzati nel progetto?,1dc36c50b990b12bc292e253017ad351125a2767d4f12ce04af89e75f5e06618
Qual è lo scopo del template GIS descritto nel testo?,0ae72ed83dec65ecc5cb259913f53d288e5e2aaf103935863e6cfa210172e7c1
In quale sezione del Geoportale sono destinati i dati raccolti utilizzando questo template?,0ae72ed83dec65ecc5cb259913f53d288e5e2aaf103935863e6cfa210172e7c1
Quali tipi di indagini possono essere utilizzati con questo template per la raccolta dei dati?,0ae72ed83dec65ecc5cb259913f53d288e5e2aaf103935863e6cfa210172e7c1
Qual è lo scopo principale del template descritto nel testo?,2cdd4f2f7c69fc4fa9b7663de4b954716061e97c62925e8b90bbe43fedd9cda1
In che modo il manuale può essere consultato durante l'inserimento dei dati?,2cdd4f2f7c69fc4fa9b7663de4b954716061e97c62925e8b90bbe43fedd9cda1
Quali informazioni sono presenti nel manuale relative alla banca dati GNA?,2cdd4f2f7c69fc4fa9b7663de4b954716061e97c62925e8b90bbe43fedd9cda1
Come posso accedere al manuale direttamente dal template?,016b785120290d70635d1cd5946ec65c7fe1430fdb56b0e65bc7655ad04014c2
Quali sono gli indirizzi a cui posso scrivere per segnalare malfunzionamenti?,016b785120290d70635d1cd5946ec65c7fe1430fdb56b0e65bc7655ad04014c2
Quale sezione del portale GNA contiene le informazioni sui contatti per formulare proposte migliorative?,016b785120290d70635d1cd5946ec65c7fe1430fdb56b0e65bc7655ad04014c2
Quali sono gli indirizzi a cui si può scrivere per segnalare malfunzionamenti del sito ICA e del portale GNA?,e3b26a23b96ed88c95f10015e4a11ca84f9d8d2a7bc343ef452f3f2b127930e9
Dove si possono trovare informazioni dettagliate sulla struttura e le modalità di compilazione dei campi della banca dati GNA?,e3b26a23b96ed88c95f10015e4a11ca84f9d8d2a7bc343ef452f3f2b127930e9
Quali sono le sezioni del manuale che forniscono indicazioni generiche sul tipo di scelte progettuali effettuate e sulla modalità di svolgimento di specifiche operazioni tecniche?,e3b26a23b96ed88c95f10015e4a11ca84f9d8d2a7bc343ef452f3f2b127930e9
Quali sono le informazioni che è possibile trovare all'interno del manuale?,773fe1d7a7ce80466f3d12a305378d2bbfc2afcfefd69852cc2f5e2dde88683d
Come è possibile accedere al manuale durante l'inserimento dei dati?,773fe1d7a7ce80466f3d12a305378d2bbfc2afcfefd69852cc2f5e2dde88683d
Quali sono le indicazioni presenti nel manuale relative alle scelte progettuali effettuate?,773fe1d7a7ce80466f3d12a305378d2bbfc2afcfefd69852cc2f5e2dde88683d
Come posso accedere al manuale direttamente dal template?,1a2e1417f01e290b71b260e70cbd2cf04ab45d692c99f718f462e7eef1374a42
Quali sono gli indirizzi a cui posso scrivere per segnalare malfunzionamenti o formulare proposte migliorative?,1a2e1417f01e290b71b260e70cbd2cf04ab45d692c99f718f462e7eef1374a42
"Quali sono le specifiche caratteristiche della procedura di verifica preventiva dell'interesse archeologico, come descritta nel manuale?",1a2e1417f01e290b71b260e70cbd2cf04ab45d692c99f718f462e7eef1374a42
Qual è l'obiettivo del GNA?,dffc31beca5c0c116df07e1113f3a66b48b9031869525da0c0d4413390cd29ca
Quali sono le specifiche caratteristiche della procedura di verifica preventiva dell'interesse archeologico?,dffc31beca5c0c116df07e1113f3a66b48b9031869525da0c0d4413390cd29ca
Dove sono evidenziate le indicazioni relative alla procedura di verifica preventiva dell'interesse archeologico nel manuale?,dffc31beca5c0c116df07e1113f3a66b48b9031869525da0c0d4413390cd29ca
Qual è l'obiettivo del GNA?,ff46a86c7079dfd9c025d44e5d89bb2e38c3d51dc883bb54ed7799d0e93df394
"Quali dati sono raccolti nella sezione ""dati raccolti con standard GNA""?",ff46a86c7079dfd9c025d44e5d89bb2e38c3d51dc883bb54ed7799d0e93df394
Chi è il responsabile della messa in rete dei dati esito dell'attività di tutela del MiC?,ff46a86c7079dfd9c025d44e5d89bb2e38c3d51dc883bb54ed7799d0e93df394
Quali sono le informazioni minime che devono essere conferite al GNA per la sostenibilità del portale?,57e24ec1bec7bf55fc1c8b38a5f71f3b74a213470be0f25e0f62c13e3c365257
"Quali sono le attività di tutela del MiC che resterebbero inedite senza la sezione ""dati raccolti con standard GNA""?",57e24ec1bec7bf55fc1c8b38a5f71f3b74a213470be0f25e0f62c13e3c365257
In che modo il conferimento delle informazioni al GNA rende il portale uno strumento affidabile per finalità di studio e ricerca?,57e24ec1bec7bf55fc1c8b38a5f71f3b74a213470be0f25e0f62c13e3c365257
Qual è la chiave per la sostenibilità del portale in termini di completezza delle informazioni e di rapidità e costanza di aggiornamento?,4e2474ac3cb4c2409bd5686405d6470b4e6c52ec671ab7d3286d32ba99a50dc8
Quali sono le finalità del portale per cui è stato reso liberamente accessibile in modalità Open Access?,4e2474ac3cb4c2409bd5686405d6470b4e6c52ec671ab7d3286d32ba99a50dc8
Quali sono le condizioni della licenza Creative Commons BY 4.0 per il riutilizzo dei dati pubblicati sul portale?,4e2474ac3cb4c2409bd5686405d6470b4e6c52ec671ab7d3286d32ba99a50dc8
Quale licenza viene utilizzata per consentire il riutilizzo dei dati pubblicati sul portale?,e00497ceaab85cf4a8e3b81aed9a6a20d6b220f166b4dae591a2d77525441d42
Quali sono le informazioni minime che devono essere presenti in ogni scheda del portale?,e00497ceaab85cf4a8e3b81aed9a6a20d6b220f166b4dae591a2d77525441d42
Quali sono le modalità di accesso al portale?,e00497ceaab85cf4a8e3b81aed9a6a20d6b220f166b4dae591a2d77525441d42
Qual è lo scopo principale del plugin descritto nel testo?,8dabae43ca1f849e2d365bca2596415935b5c51455e3fe452c1e9f33149a65ee
Quali informazioni devono essere sempre presenti in ogni scheda creata con il plugin?,8dabae43ca1f849e2d365bca2596415935b5c51455e3fe452c1e9f33149a65ee
Quali sono le limitazioni attuali del progetto GNA riguardo alla digitalizzazione della documentazione originale cartacea?,8dabae43ca1f849e2d365bca2596415935b5c51455e3fe452c1e9f33149a65ee
Qual è l'obiettivo principale del progetto GNA?,2c528252d9c1d782b1496ce5c15dfbf1bd991c00d2103d3e2ed4ade69df5d2fe
Quali tipi di documentazione non sono inclusi nella digitalizzazione del progetto GNA?,2c528252d9c1d782b1496ce5c15dfbf1bd991c00d2103d3e2ed4ade69df5d2fe
Quali sono le possibilità di connessione con progetti di digitalizzazione esterni al progetto GNA?,2c528252d9c1d782b1496ce5c15dfbf1bd991c00d2103d3e2ed4ade69df5d2fe
Qual è la prima cosa da fare quando si utilizza un layer MOPR?,db8e042dadc101aa3e42152cbf3845cb858942d29d8c5b95862dd1b7f1d32757
Quali tipi di attività possono essere inserite in un layer MOPR multipoligonale?,db8e042dadc101aa3e42152cbf3845cb858942d29d8c5b95862dd1b7f1d32757
Qual è l'obiettivo principale dell'utilizzo di un layer MOPR?,db8e042dadc101aa3e42152cbf3845cb858942d29d8c5b95862dd1b7f1d32757
Che cosa rappresenta il MOPR in fase di redazione di un documento di valutazione?,2c316237ca3c79ba282799ee2de8ae688756f9786bc17bf13a91da4e0984841e
Quali tipi di layer sono preferibili per rappresentare le aree occupate dalle lavorazioni previste dalla bozza di progetto?,2c316237ca3c79ba282799ee2de8ae688756f9786bc17bf13a91da4e0984841e
"In caso di indisponibilità dei layer vettoriali, quali tipi di layer possono essere utilizzati?",2c316237ca3c79ba282799ee2de8ae688756f9786bc17bf13a91da4e0984841e
Qual è il numero di layer MOSI descritti nel testo?,5cc4c073ee528d3137ed164c06b571d9ea2ae31d170cafd0c9e37b5d3302adca
Qual è lo scopo del layer RCG\_multipolygon?,5cc4c073ee528d3137ed164c06b571d9ea2ae31d170cafd0c9e37b5d3302adca
Qual è la differenza tra il layer D\_RCG\_multipolygon e il layer RCG\_multipolygon?,5cc4c073ee528d3137ed164c06b571d9ea2ae31d170cafd0c9e37b5d3302adca
Qual è la caratteristica intrinseca dell'area che viene valutata nel concetto di potenziale archeologico?,67f8985cc86a825b5294a16c787e82334c454a051fd89689725cd6cdc42a220f
In che modo il progetto o il tipo di lavorazioni previste influenzano la valutazione del potenziale archeologico?,67f8985cc86a825b5294a16c787e82334c454a051fd89689725cd6cdc42a220f
Come possono variare i coefficienti di rischio archeologico in un'area con un determinato potenziale archeologico a seconda delle lavorazioni previste da uno specifico intervento?,67f8985cc86a825b5294a16c787e82334c454a051fd89689725cd6cdc42a220f
Quali sono i fattori che influenzano il coefficiente di rischio in un'area con potenziale archeologico?,4d1b3ec23dd37640e246f05a6e49672c9d66dbfdf8d59f93f7b2c0aab7b6ef40
In che modo le lavorazioni previste da uno specifico intervento possono influire sul rischio archeologico in un'area?,4d1b3ec23dd37640e246f05a6e49672c9d66dbfdf8d59f93f7b2c0aab7b6ef40
"Qual è il livello di rischio archeologico per un'area con emergenze archeologiche note conservate a una profondità di -2m., se il progetto prevede lavori in quote vicine alla loro giacitura?",4d1b3ec23dd37640e246f05a6e49672c9d66dbfdf8d59f93f7b2c0aab7b6ef40
Qual è il formato in cui le tabelle vengono richiamate nel Template?,715d5796006cf2b54b54a49067a574bb2eb11b60f772dc864285d8eb4d0c4673
Quali sono i problemi risolti dal collegamento a un gruppo Tabelle che contengono i vocabolari e vengono richiamate dal server WEB del GNA?,715d5796006cf2b54b54a49067a574bb2eb11b60f772dc864285d8eb4d0c4673
Qual è la frequenza consigliata per chiudere il progetto per avere le tabelle sempre aggiornate?,715d5796006cf2b54b54a49067a574bb2eb11b60f772dc864285d8eb4d0c4673
Qual è il pulsante del mouse utilizzato per togliere il flag di conteggio degli elementi?,d126c4c31fb596f6fc7cf56b66e5d529380b8bd6b5250ac248d0c83ee859f43a
Qual è il lucchetto che indica il blocco che impedisce la rimozione volontaria o involontaria del layer?,d126c4c31fb596f6fc7cf56b66e5d529380b8bd6b5250ac248d0c83ee859f43a
Come vengono raggruppati i layer omogenei per semplificare la gestione del TOC?,d126c4c31fb596f6fc7cf56b66e5d529380b8bd6b5250ac248d0c83ee859f43a
Quanti gruppi di layer WMS sono precaricati nel progetto?,b985b4f5d1c3ae07372d9d10a0b5b1eef0d2db0fd052fbb14ce6c0566390e145
Qual è il numero totale di layer WMS precaricati nel progetto?,b985b4f5d1c3ae07372d9d10a0b5b1eef0d2db0fd052fbb14ce6c0566390e145
I layer WMS sono divisi in quanti gruppi?,b985b4f5d1c3ae07372d9d10a0b5b1eef0d2db0fd052fbb14ce6c0566390e145
Quali sono i diversi tipi di dati archeologici presenti sul Geoportale Nazionale dell'Archeologia?,7dcfc39a3bb1c97d982a3047d4c7ee6e808ac8fe15d020c1bcda2b30ab19d9da
Quali sono i servizi di cartografia WMS/WFS disponibili sul Geoportale Nazionale dell'Archeologia?,7dcfc39a3bb1c97d982a3047d4c7ee6e808ac8fe15d020c1bcda2b30ab19d9da
Quali sono le informazioni contenute nel Catalogo ICCD?,7dcfc39a3bb1c97d982a3047d4c7ee6e808ac8fe15d020c1bcda2b30ab19d9da
Quali sono le mappe di base precaricate disponibili?,1b35cea964befb70a78e4768165a7399adff58a8115a2fab259adf2f09f08019
Quali sono i nomi delle due sottocartelle presenti nella cartella?,1b35cea964befb70a78e4768165a7399adff58a8115a2fab259adf2f09f08019
"Qual è il nome del file presente nella cartella, oltre ai due file di progetto?",1b35cea964befb70a78e4768165a7399adff58a8115a2fab259adf2f09f08019
Qual è la cartella contenente immagini predefinite da utilizzare quando non è possibile allegare una foto?,8324998a6ee4964a61ab5c89c6077b6547956866a9910a74b6d9b1cd7011eb1e
Qual è il nome del documento che raccoglie i PDF descrittivi della struttura e delle norme di compilazione dei MOPR e dei MOSI?,8324998a6ee4964a61ab5c89c6077b6547956866a9910a74b6d9b1cd7011eb1e
Dove posso trovare le immagini predefinite da utilizzare al posto di una foto allegata?,8324998a6ee4964a61ab5c89c6077b6547956866a9910a74b6d9b1cd7011eb1e
Qual è l'indirizzo email a cui inviare una richiesta per il codice univoco per il MOPR?,f6ffe421a10e78b6eb9a6092671043c3d523cfe6b2fc95be2090f9ebd849f8b5
Chi rilascia il codice da inserire nel campo CPR del MOPR quando non sia disponibile un CUP?,f6ffe421a10e78b6eb9a6092671043c3d523cfe6b2fc95be2090f9ebd849f8b5
Quali sono le due opzioni per richiedere il codice univoco per il MOPR?,f6ffe421a10e78b6eb9a6092671043c3d523cfe6b2fc95be2090f9ebd849f8b5
Qual è l'indirizzo email a cui inviare la richiesta di codice univoco per MOPR?,c7d97bd4b05add56bca22754563d10755a460deec73b487256b85d68d0b8fdbd
"Come si può richiedere il codice, come professionisti o come ditte?",c7d97bd4b05add56bca22754563d10755a460deec73b487256b85d68d0b8fdbd
Quale campo del MOPR richiede il codice rilasciato da ICA?,c7d97bd4b05add56bca22754563d10755a460deec73b487256b85d68d0b8fdbd
Quali sono le due opzioni per richiedere il codice?,9b486827672f48bbb7852f95e67bd77423675c416a288010dd8fa16293d15abd
Quale deve essere la numerazione progressiva del codice professionista/ente?,9b486827672f48bbb7852f95e67bd77423675c416a288010dd8fa16293d15abd
Chi deve essere informato in caso di problemi con il template?,9b486827672f48bbb7852f95e67bd77423675c416a288010dd8fa16293d15abd
Quali sono le problematiche che devono essere segnalate ai funzionari di riferimento?,da86b8f2a8d99aee1eba89e4b53ccb053573aa70a94d7ff73fc49350198cd536
A chi deve essere segnalato un malfunzionamento o la presenza di valori non coerenti all'interno di un vocabolario chiuso?,da86b8f2a8d99aee1eba89e4b53ccb053573aa70a94d7ff73fc49350198cd536
Quali sono le conseguenze del non segnalare le problematiche ai funzionari di riferimento e ai referenti DGABAP/ICA/ICCD?,da86b8f2a8d99aee1eba89e4b53ccb053573aa70a94d7ff73fc49350198cd536
Chi deve segnalare eventuali problematiche relative alla struttura del template?,41a3fba92340efdd25642fa2dc99456aef2c3a05cb031049951aa2fc498122e8
A chi deve essere segnalato un malfunzionamento del template?,41a3fba92340efdd25642fa2dc99456aef2c3a05cb031049951aa2fc498122e8
Qual è l'obiettivo finale della segnalazione di problematiche relative al template?,41a3fba92340efdd25642fa2dc99456aef2c3a05cb031049951aa2fc498122e8
Qual è l'obiettivo principale del testo?,24dad1e46a6e3d2c3b7c7a90ebee7874073a0a533c25106fd02c802a146a1f07
Quali sono le libertà consentite nell'ottimizzazione del sistema?,24dad1e46a6e3d2c3b7c7a90ebee7874073a0a533c25106fd02c802a146a1f07
Chi è l'autore del testo?,24dad1e46a6e3d2c3b7c7a90ebee7874073a0a533c25106fd02c802a146a1f07
Quali informazioni dettagliate sulle singole parti di un complesso non sono state previste nei campi strutturati/vocabolari?,99cc1e08e44716cf9fc63f617c6670934f4289aab41587ccbd5d8d190eeb106f
In che modo le informazioni relative all'individuazione degli ambienti termali vengono inserite nel censimento in corso?,99cc1e08e44716cf9fc63f617c6670934f4289aab41587ccbd5d8d190eeb106f
Quali sono le categorie in cui verranno schedate le porzioni di ambienti riscaldati ascrivibili a un complesso termale a seconda della loro appartenenza a un edificio pubblico o privato?,99cc1e08e44716cf9fc63f617c6670934f4289aab41587ccbd5d8d190eeb106f
Quali sono le porzioni di ambienti riscaldati che saranno schedate come luogo ad uso pubblico/impianto termale?,e074337b1e44bbd09d45c0a6c06ea6617dc3a7f5f901a6b220ecf614b6e8345e
"In caso di appartenenza ad una struttura privata, come saranno schedate le porzioni di ambienti termali?",e074337b1e44bbd09d45c0a6c06ea6617dc3a7f5f901a6b220ecf614b6e8345e
Quali informazioni saranno inserite nella descrizione nel caso in cui l'attribuzione a complesso termale pubblico o ambienti termali privati sia dubbia o non disponibile?,e074337b1e44bbd09d45c0a6c06ea6617dc3a7f5f901a6b220ecf614b6e8345e
Quali sono le porzioni di ambienti riscaldati che saranno schedate come luogo ad uso pubblico/impianto termale?,38497ee042451b7d6f5b1a4c7911997846f5839e5e6ace3e9a7240e3aab5c892
In che modo saranno schedate le porzioni di ambienti riscaldati che appartengono ad una struttura privata?,38497ee042451b7d6f5b1a4c7911997846f5839e5e6ace3e9a7240e3aab5c892
Quali informazioni saranno inserite nella descrizione per gli ambienti termali privati?,38497ee042451b7d6f5b1a4c7911997846f5839e5e6ace3e9a7240e3aab5c892
Qual è il termine utilizzato per descrivere un ritrovamento di frammenti fittili e porzioni di strutture non identificabili in una ricognizione?,f074278639410250d4d60638b602ad8c9e925c8d6902d5eaed58a5cd7a030c56
"In caso di dubbi sull'attribuzione di un complesso termale pubblico o di ambienti termali privati, quali sono le indicazioni generiche da utilizzare in descrizione?",f074278639410250d4d60638b602ad8c9e925c8d6902d5eaed58a5cd7a030c56
"Qual è il livello di archiviazione utilizzato per descrivere un ritrovamento di un'area di frammenti fittili e porzioni di strutture non identificabili in una ricognizione, se non vi sono indizi sulla funzione dell'insediamento?",f074278639410250d4d60638b602ad8c9e925c8d6902d5eaed58a5cd7a030c56
"Qual è il modo migliore per rappresentare i progetti, gli scavi e i ritrovamenti nel testo?",fee90d0d586cbcd268775c75ba8c03fa7c46db361695af88ba0d17d4e0595e5a
Come si può gestire l'imprecisione nel posizionamento di dati pregressi?,fee90d0d586cbcd268775c75ba8c03fa7c46db361695af88ba0d17d4e0595e5a
Qual è il grado di dettaglio raccomandato per la rappresentazione grafica delle strutture?,fee90d0d586cbcd268775c75ba8c03fa7c46db361695af88ba0d17d4e0595e5a
Qual è la scala minima consigliata per la rappresentazione grafica delle strutture?,4c9a4b8cc6ee1ebe6ff14fc23ff2790530d3a6dd49cac609464e60b8851b8948
Cosa non deve essere incluso nella vettorializzazione delle strutture?,4c9a4b8cc6ee1ebe6ff14fc23ff2790530d3a6dd49cac609464e60b8851b8948
Perché è importante considerare la possibilità che le strutture proseguano oltre l’area indagata?,4c9a4b8cc6ee1ebe6ff14fc23ff2790530d3a6dd49cac609464e60b8851b8948
Qual è la scala di consultazione minima raccomandata per la rappresentazione grafica delle strutture?,3c3169316257ddae4c2d81d14ce759d8c3b4847e3cb423d36d26b25b967e44ed
Cosa è importante riprodurre nella rappresentazione grafica delle strutture?,3c3169316257ddae4c2d81d14ce759d8c3b4847e3cb423d36d26b25b967e44ed
Quali caratteristiche non devono essere incluse nella vettorializzazione delle strutture?,3c3169316257ddae4c2d81d14ce759d8c3b4847e3cb423d36d26b25b967e44ed
Qual è la scala di consultazione minima necessaria per ragionare in questo contesto?,b33c7d17f805b4a50f93847d356d351c88e9875130e70b929afd88e7f4968231
Quali tipi di rinvenimenti devono essere trattati come punti?,b33c7d17f805b4a50f93847d356d351c88e9875130e70b929afd88e7f4968231
In che situazioni è ammessa la rappresentazione puntuale dei rinvenimenti?,b33c7d17f805b4a50f93847d356d351c88e9875130e70b929afd88e7f4968231
Quali tipi di rinvenimenti devono essere trattati come punti nella redazione del documento di valutazione?,29b181f6e4cb575fad5595e8343eb39e9e6858189ada2faf577eba0c8fe86e1d
In che situazioni è ammessa la rappresentazione puntuale delle emergenze archeologiche?,29b181f6e4cb575fad5595e8343eb39e9e6858189ada2faf577eba0c8fe86e1d
Quali dati possono essere accolti nel layer multilineare?,29b181f6e4cb575fad5595e8343eb39e9e6858189ada2faf577eba0c8fe86e1d
Quali tipi di dati possono essere rappresentati nel layer multilineare?,3154bb4284d7b5caf0dfa46c05b6574523e4a72205e656f41f6f658cf9aaf224
Perché non è appropriato utilizzare il layer multilineare per rappresentare un acquedotto o un tratto di basolato stradale?,3154bb4284d7b5caf0dfa46c05b6574523e4a72205e656f41f6f658cf9aaf224
Quali sono le finalità specifiche del template menzionato nel testo?,3154bb4284d7b5caf0dfa46c05b6574523e4a72205e656f41f6f658cf9aaf224
Qual è il layer utilizzato per rappresentare tutte le indagini di scavo?,870c562381362b58091716fd972ad22aaf44a0842656476b3b816eabc824b42c
Quali informazioni sono necessarie per indicare nel layer DSC?,870c562381362b58091716fd972ad22aaf44a0842656476b3b816eabc824b42c
"In che modo vengono rappresentati i saggi di scavo effettuati nella stessa occasione e alla stessa profondità, ma con esito negativo?",870c562381362b58091716fd972ad22aaf44a0842656476b3b816eabc824b42c
Quali sono le condizioni necessarie per raggruppare più saggi in un unico layer DSC multi-poligonale?,f5a0502302a1d92b0e7bdb81a125814d98d699ede72c7a2d9a4bfc5ab0b76ddc
In che modo è possibile compilare le aree indagate fino al livello geologico in un layer MOSI negativo?,f5a0502302a1d92b0e7bdb81a125814d98d699ede72c7a2d9a4bfc5ab0b76ddc
"Quali sono i fattori da considerare nella valutazione per la redazione di un layer MOSI negativo, specialmente in aree con strati alluvionali?",f5a0502302a1d92b0e7bdb81a125814d98d699ede72c7a2d9a4bfc5ab0b76ddc
In quali aree è particolarmente importante che la valutazione sia accurata?,e63b6622992f2f6bf856fdeea5f3261d3c0fe93cd1054e8d52ad7925f602df28
Qual è lo scopo specifico del template menzionato nel testo?,e63b6622992f2f6bf856fdeea5f3261d3c0fe93cd1054e8d52ad7925f602df28
"Quali tipi di indagini devono essere registrate nel template, anche se hanno dato esito negativo?",e63b6622992f2f6bf856fdeea5f3261d3c0fe93cd1054e8d52ad7925f602df28
Quale layer viene utilizzato per rappresentare tutte le indagini di scavo?,10fae61a12f6620aa81d1f1cca7c373df19287045336a71f3d527e120a329c77
Qual è il campo apposito per registrare l'esito dello scavo nel layer DSC?,10fae61a12f6620aa81d1f1cca7c373df19287045336a71f3d527e120a329c77
Quale layer viene utilizzato per indicare le aree indagate fino al livello geologico in caso di scavi che hanno raggiunto il livello sterile?,10fae61a12f6620aa81d1f1cca7c373df19287045336a71f3d527e120a329c77
Quali sono le regole sintattiche che devono essere osservate nella redazione delle schede?,a977a7c68fb6e414bd309b968b1a70e611bc189112067ee6e01ca3e21ea59693
In quali aree è particolarmente importante condurre una valutazione accurata per la redazione di un layer MOSI negativo?,a977a7c68fb6e414bd309b968b1a70e611bc189112067ee6e01ca3e21ea59693
Quali sono i fattori che devono essere presi in considerazione per la valutazione dello strato non antropico nella redazione di un layer MOSI negativo?,a977a7c68fb6e414bd309b968b1a70e611bc189112067ee6e01ca3e21ea59693
Qual è la sintassi corretta per inserire più occorrenze in un campo indicato come ripetitivo sui manuali?,4469b39376fbe3416838c75378e7b2e3230ca54219c7c3257776db1357fb9a65
Come vanno scritti i nomi nei moduli?,4469b39376fbe3416838c75378e7b2e3230ca54219c7c3257776db1357fb9a65
Qual è la sintassi corretta per inserire la data completa in un campo di data?,4469b39376fbe3416838c75378e7b2e3230ca54219c7c3257776db1357fb9a65
Qual è la versione attuale di QGIS utilizzata nel progetto?,a0daa93414e756b339f0657407af020ff69a5fb91293df8740e6c82604ba4cac
Quando è prevista la prossima versione LTR di QGIS?,a0daa93414e756b339f0657407af020ff69a5fb91293df8740e6c82604ba4cac
Da dove derivano i dati alfanumerici legati al posizionamento sulla mappa utilizzati nel progetto?,a0daa93414e756b339f0657407af020ff69a5fb91293df8740e6c82604ba4cac
Quali sono i dati utilizzati per il posizionamento sulla mappa?,eedfc5584b2f0888a8bcb32faf90083cbf937a5fa95f2fcefc368ad37d66f37d
Chi ha rilasciato i dati per il posizionamento sulla mappa?,eedfc5584b2f0888a8bcb32faf90083cbf937a5fa95f2fcefc368ad37d66f37d
Qual è la data di aggiornamento della versione precaricata sul Template?,eedfc5584b2f0888a8bcb32faf90083cbf937a5fa95f2fcefc368ad37d66f37d
Quali informazioni vengono automaticamente compilate al momento dell'inserimento di una geometria?,770f7b9e294d11d912d0f5648de2be3fd29f09a84f60a84e87d65bd24bbfe419
In che modo è possibile ricomporre le stringhe con i nomi dei comuni anche in caso di geometrie poligonali che si trovano a cavallo tra più comuni?,770f7b9e294d11d912d0f5648de2be3fd29f09a84f60a84e87d65bd24bbfe419
Quali sono le situazioni particolari in cui è possibile modificare i campi della localizzazione?,770f7b9e294d11d912d0f5648de2be3fd29f09a84f60a84e87d65bd24bbfe419
Qual è la regola in caso di discrepanza tra la parte geografica e quella testuale?,f46491a2ea6c164e163d4f2d63f59eb648635d8195539746bf6bd53d7115c2f3
"In caso di errata compilazione automatica del campo LCC, come viene gestita l'informazione?",f46491a2ea6c164e163d4f2d63f59eb648635d8195539746bf6bd53d7115c2f3
Qual è il criterio utilizzato per determinare la posizione di un'entità rappresentata?,f46491a2ea6c164e163d4f2d63f59eb648635d8195539746bf6bd53d7115c2f3
Qual è il campo in cui è possibile inserire informazioni aggiuntive sulla georeferenziazione?,e4c9dd466eb640ea6e71b108ef40aa50d503fe0e55704db197931ea4af8075be
"In caso di errata compilazione automatica del campo LCC, come vengono gestiti i dati in sede di pubblicazione?",e4c9dd466eb640ea6e71b108ef40aa50d503fe0e55704db197931ea4af8075be
Quale campo indica il tipo di localizzazione e può essere modificato nel caso di un poligono che comprende più comuni o delimita una porzione di acque?,e4c9dd466eb640ea6e71b108ef40aa50d503fe0e55704db197931ea4af8075be
Qual è il campo in cui è possibile inserire informazioni aggiuntive sulla cartografia utilizzata per la georeferenziazione?,ad8c66a3b0db0c96189b6966eebf3a2f2f31314966604bb213643d51a96dda11
Quale campo è precompilato ma modificabile se si tratta di georiferire un poligono che comprende più comuni o delimita una porzione di acque?,ad8c66a3b0db0c96189b6966eebf3a2f2f31314966604bb213643d51a96dda11
Chi ha acquisito le perimetrazioni della fascia entro le 12 miglia dalla costa e di quella entro le 24 miglia?,ad8c66a3b0db0c96189b6966eebf3a2f2f31314966604bb213643d51a96dda11
Chi ha acquisito le perimetrazioni della fascia entro le 12 miglia e quella entro le 24 miglia dalla costa?,1231a4a87b1f499c47a2404bbb82e4d1c9f9dd59b39f2606092772383fc254a7
Qual è il nome dell'organizzazione che ha acquisito le perimetrazioni delle fasce di cui sopra?,1231a4a87b1f499c47a2404bbb82e4d1c9f9dd59b39f2606092772383fc254a7
Quali sono le versioni delle basi di dati geodetiche dei limiti marittimi utilizzate per acquisire le perimetrazioni delle fasce di cui sopra?,1231a4a87b1f499c47a2404bbb82e4d1c9f9dd59b39f2606092772383fc254a7
Quali sono le zone marine per cui è stato possibile ricostruire le competenze amministrative solo fino al livello provinciale?,ab09cd0f802abba5424cafb8486895f60661af29b4be1bf82456cf8ab4aa9423
"Quale campo viene valorizzato con il termine ""nd"" quando si inserisce una geometria nelle zone 12 e 24 miglia?",ab09cd0f802abba5424cafb8486895f60661af29b4be1bf82456cf8ab4aa9423
Quale informazione è invitata a essere riportata nel campo note GEN nel caso in cui sia possibile ricavare la competenza a livello comunale per una determinata geometria?,ab09cd0f802abba5424cafb8486895f60661af29b4be1bf82456cf8ab4aa9423
Quali sono le fasce di miglia che non riportano le suddivisioni amministrative nel testo?,0bde27bf16f9cc56ebb71690cbcd6fcfd7e9e56b3dcd36beda0365a55a9f0f25
Qual è il livello amministrativo fino al quale è stato possibile ricostruire le zone in mare nel testo?,0bde27bf16f9cc56ebb71690cbcd6fcfd7e9e56b3dcd36beda0365a55a9f0f25
Quale campo del sistema è stato suggerito per inserire le informazioni sulla competenza a livello comunale nel testo?,0bde27bf16f9cc56ebb71690cbcd6fcfd7e9e56b3dcd36beda0365a55a9f0f25
Quali sono i campi che il sistema compila automaticamente all'inserimento di una geometria?,894819484c118d9bd0dd7636b77edca306ae9741adb1a3063684eb62dd5af89a
"In che modo il sistema identifica la Regione, Provincia e Comune associati a una geometria?",894819484c118d9bd0dd7636b77edca306ae9741adb1a3063684eb62dd5af89a
Quali sono le unità amministrative che è possibile aggiungere nel layout in fase di stampa?,894819484c118d9bd0dd7636b77edca306ae9741adb1a3063684eb62dd5af89a
Quali sono i campi che il sistema compila automaticamente all'inserimento di una geometria?,6fcd41c836d8925a2797f4bdcb91276128613e88d6035a20b06492e33c16fae4
In che modo è possibile modificare i campi compilati automaticamente dal sistema?,6fcd41c836d8925a2797f4bdcb91276128613e88d6035a20b06492e33c16fae4
Quali informazioni saranno visibili al momento dell'ingresso in GNA?,6fcd41c836d8925a2797f4bdcb91276128613e88d6035a20b06492e33c16fae4
Qual è il sistema di riferimento utilizzato per le cartografie di base nel disegno delle geometrie necessarie al GNA?,b79f1c6d98caf2306b1209ffa8e7b39d4518e20876e10ec1d94d7f8ef49645a2
Quali sono le foto satellitari utilizzate insieme al sistema di riferimento scelto?,b79f1c6d98caf2306b1209ffa8e7b39d4518e20876e10ec1d94d7f8ef49645a2
Qual è il sistema di riferimento utilizzato per i dati del GNA?,b79f1c6d98caf2306b1209ffa8e7b39d4518e20876e10ec1d94d7f8ef49645a2
Quali sono i sistemi di riferimento (SR) utilizzati per i dati nel testo?,f4fa2ec808ec371efcf719c3b5b981814225f820e05ce317a98d7212de8ae479
Qual è il sistema di riferimento del progetto menzionato nel testo?,f4fa2ec808ec371efcf719c3b5b981814225f820e05ce317a98d7212de8ae479
Quali sono le basi cartografiche utilizzate nel testo?,f4fa2ec808ec371efcf719c3b5b981814225f820e05ce317a98d7212de8ae479
Qual è il sistema di riferimento spaziale utilizzato per le basi cartografiche del progetto?,93ead6265dba8a3a4c4a6780e29ecd899b99ffb1fa44f45cdaaaa1bd0c7a7b5d
Quale ellissoide è utilizzato per i calcoli di distanza e area nel software GIS completo a disposizione?,93ead6265dba8a3a4c4a6780e29ecd899b99ffb1fa44f45cdaaaa1bd0c7a7b5d
Quali unità di misura vengono utilizzate per le coordinate nella mappa del progetto?,93ead6265dba8a3a4c4a6780e29ecd899b99ffb1fa44f45cdaaaa1bd0c7a7b5d
Qual è l'ellissoide utilizzato per i calcoli di distanza e area nel software GIS?,9e6e21aba32bc0c87b24e2d155fe1b1a02c919a0e43de01dbd9995d43b58bced
Quali sono le unità utilizzate per mostrare le coordinate nella mappa?,9e6e21aba32bc0c87b24e2d155fe1b1a02c919a0e43de01dbd9995d43b58bced
Quali sono le proprietà del progetto che devono essere impostate per evitare errori nelle misurazioni?,9e6e21aba32bc0c87b24e2d155fe1b1a02c919a0e43de01dbd9995d43b58bced
Qual è l'unità di misura utilizzata per le distanze nel testo?,58a3c736b7467fae081ab496b43b7abf1b7ebaafe8d98188d2c0647429f28de0
Qual è il semiassore maggiore utilizzato nel sistema di riferimento WGS84?,58a3c736b7467fae081ab496b43b7abf1b7ebaafe8d98188d2c0647429f28de0
Qual è l'unità di misura utilizzata per le aree nel testo?,58a3c736b7467fae081ab496b43b7abf1b7ebaafe8d98188d2c0647429f28de0
Quale sistema di riferimento dei dati è stato scelto per il progetto?,ed901b690b08257c1dae6ef7f19246a1d5e832246dd02d72b6135cab3e770405
Quali sono gli algoritmi di trasformazione necessari per caricare layer geografici espressi in un sistema di riferimento basato su altro Datum all'interno del progetto?,ed901b690b08257c1dae6ef7f19246a1d5e832246dd02d72b6135cab3e770405
Quali sono gli algoritmi di trasformazione che consentono di ridurre gli errori a livello di centimetri?,ed901b690b08257c1dae6ef7f19246a1d5e832246dd02d72b6135cab3e770405
Quali sono gli algoritmi più adatti per ridurre gli errori di trasformazione a livello di centimetri?,7c9547cda2d64a65515a49924a0b8035df33d2e6973e16b466bbb1bf524802f0
Qual è il sistema di riferimento dei dati e del progetto utilizzato nel testo?,7c9547cda2d64a65515a49924a0b8035df33d2e6973e16b466bbb1bf524802f0
Quali sono gli algoritmi locali dedicati che devono essere applicati per la trasformazione di coordinate in un progetto che utilizza il Datum WGS84?,7c9547cda2d64a65515a49924a0b8035df33d2e6973e16b466bbb1bf524802f0
"Quali sono le responsabilità degli utenti singoli riguardo al caricamento, alla trasformazione e all'utilizzo dei layer nel Template?",27833284602a507c82f3b5dc9b0bce179cf54471d36acb8d6cb67cd3c8a3c81a
Qual è il sistema di riferimento nativo richiesto per i layer nel Template?,27833284602a507c82f3b5dc9b0bce179cf54471d36acb8d6cb67cd3c8a3c81a
Cosa devono fare gli utenti per utilizzare correttamente i layer nel Template che non sono espressi in WGS84?,27833284602a507c82f3b5dc9b0bce179cf54471d36acb8d6cb67cd3c8a3c81a
Qual è l'ordine dei vocabolari nella struttura del progetto?,7e4cb483ef11ee8b9f488bd2eff5a732fb32d5e0851c9076405ee6b2bbc306b7
Come vengono registrati i vocabolari nella struttura del progetto?,7e4cb483ef11ee8b9f488bd2eff5a732fb32d5e0851c9076405ee6b2bbc306b7
Qual è l'etichetta associata ai vocabolari nella struttura del progetto?,7e4cb483ef11ee8b9f488bd2eff5a732fb32d5e0851c9076405ee6b2bbc306b7
Qual è la parola ripetuta due volte nel testo?,9ab4d862f4d13acccfe94ebf61be0461eeefd93e4f91ba1c6733b1088ba6ada8
"Qual è l'unica parola nel testo che inizia con la lettera ""T""?",9ab4d862f4d13acccfe94ebf61be0461eeefd93e4f91ba1c6733b1088ba6ada8
Qual è la parola che indica il movimento all'indietro nel testo?,9ab4d862f4d13acccfe94ebf61be0461eeefd93e4f91ba1c6733b1088ba6ada8
Qual è l'ordine dei vocabolari nella struttura del progetto?,3af58b78ab0cf6975d37f9110a78e9b3ec21b682d4438789727594b2c804cea8
Come vengono registrati i vocabolari nella struttura del progetto?,3af58b78ab0cf6975d37f9110a78e9b3ec21b682d4438789727594b2c804cea8
Qual è l'etichetta associata ai vocabolari nella struttura del progetto?,3af58b78ab0cf6975d37f9110a78e9b3ec21b682d4438789727594b2c804cea8
"Qual è l'AMA chiave per ""archeologia preventiva ex art. 25, c. 8 sgg. DLgs 50/2016""?",0f86664a0f5e26bd7016f635c11c96876c114842ae84b2b0e6b8ac814d6a2648
"Qual è l'AMA valore per ""assistenza archeologica in corso d'opera""?",0f86664a0f5e26bd7016f635c11c96876c114842ae84b2b0e6b8ac814d6a2648
"Qual è l'AMA chiave per ""scavo archeologico di emergenza""?",0f86664a0f5e26bd7016f635c11c96876c114842ae84b2b0e6b8ac814d6a2648
Qual è la parola ripetuta due volte nel testo?,80e503874f1313fe06c9a45e04d8f078fde73143da7aedf2b3caf247e9d4f206
"Qual è l'unica parola nel testo che inizia con la lettera ""T""?",80e503874f1313fe06c9a45e04d8f078fde73143da7aedf2b3caf247e9d4f206
Qual è la parola che indica il movimento all'indietro nel testo?,80e503874f1313fe06c9a45e04d8f078fde73143da7aedf2b3caf247e9d4f206
Qual è il numero di file necessari per lavorare alla raccolta dei dati?,e603e24678e000c45596671f392a6af5c2d70afb1108cacd60da233581e211a2
Qual è il contenuto della cartella di progetto?,e603e24678e000c45596671f392a6af5c2d70afb1108cacd60da233581e211a2
Quali sono i due file necessari per lavorare alla raccolta dei dati?,e603e24678e000c45596671f392a6af5c2d70afb1108cacd60da233581e211a2
